The top 10 futures contracts on individual securities traded are as under:                          
S No      ,Symbol    ,Exp Date  ,Traded Value (Rs.)  ,No of Contracts  
1         ,RELIANCE  ,28/09/2023,    20490350788.00,            33108
2         ,ADANIPORTS,28/09/2023,    22384667720.00,            32157
3         ,HDFCBANK  ,28/09/2023,    26112576105.00,            29060
4         ,AXISBANK  ,28/09/2023,    12244697375.00,            19650
5         ,CANBK     ,28/09/2023,    18140863950.00,            18897
6         ,ICICIBANK ,28/09/2023,    12879158985.00,            18822
7         ,SBIN      ,28/09/2023,    16706452200.00,            18817
8         ,ADANIENT  ,28/09/2023,    13977298590.00,            17938
9         ,KOTAKBANK ,28/09/2023,     8278031940.00,            11438
10        ,TCS       ,28/09/2023,     6586485010.00,            10796
The top ten contracts contributed to around  22% of the total traded volume in Futures on individual securities.RELIANCE was the most active future contracts on individual securities traded today with 35575 contracts and ADANIPORTS was the next most active futures contracts with 34122 contracts being traded.                                                                                                                                                                                                     
